cell_id	clone_id
SA1180CX1XB02698-A118812B-R45-C10	G
SA1180CX1XB02698-A118812B-R45-C17	I
SA1180CX1XB02698-A118812B-R45-C18	C
SA1180CX1XB02698-A118812B-R45-C24	F
SA1180CX1XB02698-A118812B-R45-C25	None
SA1180CX1XB02698-A118812B-R45-C27	F
SA1180CX1XB02698-A118812B-R45-C29	I
SA1180CX1XB02698-A118812B-R45-C31	F
SA1180CX1XB02698-A118812B-R45-C32	I
SA1180CX1XB02698-A118812B-R45-C34	I
SA1180CX1XB02698-A118812B-R45-C35	I
SA1180CX1XB02698-A118812B-R45-C36	H
SA1180CX1XB02698-A118812B-R45-C37	B
SA1180CX1XB02698-A118812B-R45-C41	M
SA1180CX1XB02698-A118812B-R45-C50	I
SA1180CX1XB02698-A118812B-R45-C53	F
SA1180CX1XB02698-A118812B-R45-C57	J
SA1180CX1XB02698-A118812B-R45-C58	C
SA1180CX1XB02698-A118812B-R45-C59	B
SA1180CX1XB02698-A118812B-R45-C60	F
SA1180CX1XB02698-A118812B-R45-C61	E
SA1180CX1XB02698-A118812B-R45-C62	J
SA1180CX1XB02698-A118812B-R45-C63	E
SA1180CX1XB02698-A118812B-R45-C66	C
SA1180CX1XB02698-A118812B-R45-C68	A
SA1180CX1XB02698-A118812B-R45-C70	D
SA1180CX1XB02698-A118812B-R46-C09	H
SA1180CX1XB02698-A118812B-R46-C11	A
SA1180CX1XB02698-A118812B-R46-C14	I
SA1180CX1XB02698-A118812B-R46-C15	C
SA1180CX1XB02698-A118812B-R46-C19	F
SA1180CX1XB02698-A118812B-R46-C23	None
SA1180CX1XB02698-A118812B-R46-C24	F
SA1180CX1XB02698-A118812B-R46-C25	None
SA1180CX1XB02698-A118812B-R46-C30	L
SA1180CX1XB02698-A118812B-R46-C37	G
SA1180CX1XB02698-A118812B-R46-C39	D
SA1180CX1XB02698-A118812B-R46-C41	M
SA1180CX1XB02698-A118812B-R46-C42	F
SA1180CX1XB02698-A118812B-R46-C49	E
SA1180CX1XB02698-A118812B-R46-C50	I
SA1180CX1XB02698-A118812B-R46-C51	M
SA1180CX1XB02698-A118812B-R46-C52	F
SA1180CX1XB02698-A118812B-R46-C54	J
SA1180CX1XB02698-A118812B-R46-C59	B
SA1180CX1XB02698-A118812B-R46-C64	I
SA1180CX1XB02698-A118812B-R46-C67	F
SA1180CX1XB02698-A118812B-R47-C12	C
SA1180CX1XB02698-A118812B-R47-C15	C
SA1180CX1XB02698-A118812B-R47-C16	D
SA1180CX1XB02698-A118812B-R47-C18	F
SA1180CX1XB02698-A118812B-R47-C19	C
SA1180CX1XB02698-A118812B-R47-C24	G
SA1180CX1XB02698-A118812B-R47-C28	I
SA1180CX1XB02698-A118812B-R47-C31	H
SA1180CX1XB02698-A118812B-R47-C32	M
SA1180CX1XB02698-A118812B-R47-C34	M
SA1180CX1XB02698-A118812B-R47-C45	None
SA1180CX1XB02698-A118812B-R47-C48	C
SA1180CX1XB02698-A118812B-R47-C51	I
SA1180CX1XB02698-A118812B-R47-C52	J
SA1180CX1XB02698-A118812B-R47-C55	G
SA1180CX1XB02698-A118812B-R47-C62	F
SA1180CX1XB02698-A118812B-R47-C63	F
SA1180CX1XB02698-A118812B-R47-C64	K
SA1180CX1XB02698-A118812B-R47-C66	J
SA1180CX1XB02698-A118812B-R47-C67	M
SA1180CX1XB02698-A118812B-R47-C68	J
SA1180CX1XB02698-A118812B-R47-C69	J
SA1180CX1XB02698-A118812B-R47-C70	I
SA1180CX1XB02698-A118812B-R48-C09	F
SA1180CX1XB02698-A118812B-R48-C11	A
SA1180CX1XB02698-A118812B-R48-C21	D
SA1180CX1XB02698-A118812B-R48-C24	H
SA1180CX1XB02698-A118812B-R48-C26	I
SA1180CX1XB02698-A118812B-R48-C28	L
SA1180CX1XB02698-A118812B-R48-C30	D
SA1180CX1XB02698-A118812B-R48-C31	C
SA1180CX1XB02698-A118812B-R48-C34	M
SA1180CX1XB02698-A118812B-R48-C35	None
SA1180CX1XB02698-A118812B-R48-C36	I
SA1180CX1XB02698-A118812B-R48-C37	E
SA1180CX1XB02698-A118812B-R48-C43	I
SA1180CX1XB02698-A118812B-R48-C47	A
SA1180CX1XB02698-A118812B-R48-C49	I
SA1180CX1XB02698-A118812B-R48-C51	D
SA1180CX1XB02698-A118812B-R48-C57	J
SA1180CX1XB02698-A118812B-R48-C59	M
SA1180CX1XB02698-A118812B-R48-C62	L
SA1180CX1XB02698-A118812B-R48-C66	C
SA1180CX1XB02698-A118812B-R48-C68	J
SA1180CX1XB02698-A118812B-R49-C12	I
SA1180CX1XB02698-A118812B-R49-C14	I
SA1180CX1XB02698-A118812B-R49-C17	H
SA1180CX1XB02698-A118812B-R49-C20	None
SA1180CX1XB02698-A118812B-R49-C21	C
SA1180CX1XB02698-A118812B-R49-C22	D
SA1180CX1XB02698-A118812B-R49-C25	H
SA1180CX1XB02698-A118812B-R49-C27	B
SA1180CX1XB02698-A118812B-R49-C28	B
SA1180CX1XB02698-A118812B-R49-C47	M
SA1180CX1XB02698-A118812B-R49-C49	L
SA1180CX1XB02698-A118812B-R49-C50	G
SA1180CX1XB02698-A118812B-R49-C52	I
SA1180CX1XB02698-A118812B-R49-C53	A
SA1180CX1XB02698-A118812B-R49-C54	G
SA1180CX1XB02698-A118812B-R49-C55	D
SA1180CX1XB02698-A118812B-R49-C56	G
SA1180CX1XB02698-A118812B-R49-C58	F
SA1180CX1XB02698-A118812B-R49-C60	None
SA1180CX1XB02698-A118812B-R49-C61	B
SA1180CX1XB02698-A118812B-R49-C62	F
SA1180CX1XB02698-A118812B-R49-C64	F
SA1180CX1XB02698-A118812B-R49-C69	E
SA1180CX1XB02698-A118812B-R49-C70	D
SA1180CX1XB02698-A118812B-R50-C09	I
SA1180CX1XB02698-A118812B-R50-C12	J
SA1180CX1XB02698-A118812B-R50-C18	F
SA1180CX1XB02698-A118812B-R50-C19	None
SA1180CX1XB02698-A118812B-R50-C20	F
SA1180CX1XB02698-A118812B-R50-C21	None
SA1180CX1XB02698-A118812B-R50-C23	L
SA1180CX1XB02698-A118812B-R50-C25	A
SA1180CX1XB02698-A118812B-R50-C26	I
SA1180CX1XB02698-A118812B-R50-C27	None
SA1180CX1XB02698-A118812B-R50-C30	C
SA1180CX1XB02698-A118812B-R50-C36	A
SA1180CX1XB02698-A118812B-R50-C37	C
SA1180CX1XB02698-A118812B-R50-C40	G
SA1180CX1XB02698-A118812B-R50-C42	F
SA1180CX1XB02698-A118812B-R50-C44	G
SA1180CX1XB02698-A118812B-R50-C45	E
SA1180CX1XB02698-A118812B-R50-C48	F
SA1180CX1XB02698-A118812B-R50-C56	F
SA1180CX1XB02698-A118812B-R50-C61	F
SA1180CX1XB02698-A118812B-R50-C62	F
SA1180CX1XB02698-A118812B-R50-C64	K
SA1180CX1XB02698-A118812B-R50-C69	A
SA1180CX1XB02698-A118812B-R50-C70	M
SA1180CX1XB02698-A118812B-R51-C15	I
SA1180CX1XB02698-A118812B-R51-C18	F
SA1180CX1XB02698-A118812B-R51-C19	M
SA1180CX1XB02698-A118812B-R51-C22	None
SA1180CX1XB02698-A118812B-R51-C28	I
SA1180CX1XB02698-A118812B-R51-C31	M
SA1180CX1XB02698-A118812B-R51-C32	F
SA1180CX1XB02698-A118812B-R51-C34	E
SA1180CX1XB02698-A118812B-R51-C41	B
SA1180CX1XB02698-A118812B-R51-C47	M
SA1180CX1XB02698-A118812B-R51-C48	M
SA1180CX1XB02698-A118812B-R51-C58	L
SA1180CX1XB02698-A118812B-R51-C60	None
SA1180CX1XB02698-A118812B-R51-C61	M
SA1180CX1XB02698-A118812B-R51-C65	L
SA1180CX1XB02698-A118812B-R51-C69	D
SA1180CX1XB02698-A118812B-R52-C12	A
SA1180CX1XB02698-A118812B-R52-C16	M
SA1180CX1XB02698-A118812B-R52-C26	E
SA1180CX1XB02698-A118812B-R52-C28	G
SA1180CX1XB02698-A118812B-R52-C31	F
SA1180CX1XB02698-A118812B-R52-C39	A
SA1180CX1XB02698-A118812B-R52-C40	None
SA1180CX1XB02698-A118812B-R52-C44	L
SA1180CX1XB02698-A118812B-R52-C45	B
SA1180CX1XB02698-A118812B-R52-C53	F
SA1180CX1XB02698-A118812B-R52-C54	C
SA1180CX1XB02698-A118812B-R52-C66	D
SA1180CX1XB02698-A118812B-R53-C16	F
SA1180CX1XB02698-A118812B-R53-C21	C
SA1180CX1XB02698-A118812B-R53-C29	G
SA1180CX1XB02698-A118812B-R53-C31	F
SA1180CX1XB02698-A118812B-R53-C35	D
SA1180CX1XB02698-A118812B-R53-C40	F
SA1180CX1XB02698-A118812B-R53-C45	D
SA1180CX1XB02698-A118812B-R53-C53	M
SA1180CX1XB02698-A118812B-R53-C59	M
SA1180CX1XB02698-A118812B-R53-C60	I
SA1180CX1XB02698-A118812B-R53-C61	I
SA1180CX1XB02698-A118812B-R53-C64	None
SA1180CX1XB02698-A118812B-R54-C09	H
SA1180CX1XB02698-A118812B-R54-C16	E
SA1180CX1XB02698-A118812B-R54-C20	J
SA1180CX1XB02698-A118812B-R54-C23	L
SA1180CX1XB02698-A118812B-R54-C31	M
SA1180CX1XB02698-A118812B-R54-C32	C
SA1180CX1XB02698-A118812B-R54-C34	B
SA1180CX1XB02698-A118812B-R54-C36	H
SA1180CX1XB02698-A118812B-R54-C37	D
SA1180CX1XB02698-A118812B-R54-C40	F
SA1180CX1XB02698-A118812B-R54-C45	D
SA1180CX1XB02698-A118812B-R54-C48	None
SA1180CX1XB02698-A118812B-R54-C52	G
SA1180CX1XB02698-A118812B-R54-C54	C
SA1180CX1XB02698-A118812B-R54-C57	I
SA1180CX1XB02698-A118812B-R54-C59	I
SA1180CX1XB02698-A118812B-R54-C60	C
SA1180CX1XB02698-A118812B-R54-C67	K
SA1180CX1XB02698-A118812B-R54-C68	B
SA1180CX1XB02698-A118812B-R55-C33	J
SA1180CX1XB02698-A118812B-R55-C50	L
SA1180CX1XB02698-A118812B-R55-C56	L
SA1180CX1XB02698-A118812B-R55-C68	H
SA1180CX1XB02698-A118812B-R56-C21	E
SA1180CX1XB02698-A118812B-R56-C26	M
SA1180CX1XB02698-A118812B-R56-C29	K
SA1180CX1XB02698-A118812B-R56-C36	F
SA1180CX1XB02698-A118812B-R56-C37	H
SA1180CX1XB02698-A118812B-R56-C47	I
SA1180CX1XB02698-A118812B-R56-C57	B
SA1180CX1XB02698-A118812B-R56-C60	C
SA1180CX1XB02698-A118812B-R56-C61	F
SA1180CX1XB02698-A118812B-R56-C62	K
SA1180CX1XB02698-A118812B-R56-C66	E
SA1180CX1XB02698-A118812B-R56-C70	F
SA1180CX1XB02698-A118812B-R57-C18	E
SA1180CX1XB02698-A118812B-R57-C19	B
SA1180CX1XB02698-A118812B-R57-C20	G
SA1180CX1XB02698-A118812B-R57-C23	J
SA1180CX1XB02698-A118812B-R57-C29	E
SA1180CX1XB02698-A118812B-R57-C33	C
SA1180CX1XB02698-A118812B-R57-C41	J
SA1180CX1XB02698-A118812B-R57-C44	I
SA1180CX1XB02698-A118812B-R57-C49	D
SA1180CX1XB02698-A118812B-R57-C51	H
SA1180CX1XB02698-A118812B-R57-C53	M
SA1180CX1XB02698-A118812B-R57-C54	None
SA1180CX1XB02698-A118812B-R57-C57	M
SA1180CX1XB02698-A118812B-R57-C61	F
SA1180CX1XB02698-A118812B-R57-C68	D
SA1180CX1XB02698-A118812B-R57-C69	I
SA1180CX1XB02698-A118812B-R58-C08	M
SA1180CX1XB02698-A118812B-R58-C21	I
SA1180CX1XB02698-A118812B-R58-C22	F
SA1180CX1XB02698-A118812B-R58-C27	None
SA1180CX1XB02698-A118812B-R58-C35	E
SA1180CX1XB02698-A118812B-R58-C37	C
SA1180CX1XB02698-A118812B-R58-C49	L
SA1180CX1XB02698-A118812B-R58-C61	C
SA1180CX1XB02698-A118812B-R58-C67	F
SA1180CX1XB02698-A118812B-R58-C69	J
SA1180CX1XB02698-A118812B-R59-C10	F
SA1180CX1XB02698-A118812B-R59-C12	F
SA1180CX1XB02698-A118812B-R59-C17	M
SA1180CX1XB02698-A118812B-R59-C22	E
SA1180CX1XB02698-A118812B-R59-C27	F
SA1180CX1XB02698-A118812B-R59-C28	C
SA1180CX1XB02698-A118812B-R59-C40	M
SA1180CX1XB02698-A118812B-R59-C43	F
SA1180CX1XB02698-A118812B-R59-C44	None
SA1180CX1XB02698-A118812B-R59-C45	L
SA1180CX1XB02698-A118812B-R59-C47	C
SA1180CX1XB02698-A118812B-R59-C48	None
SA1180CX1XB02698-A118812B-R59-C54	F
SA1180CX1XB02698-A118812B-R59-C59	M
SA1180CX1XB02698-A118812B-R59-C67	I
SA1180CX1XB02698-A118812B-R59-C69	I
SA1180CX1XB02698-A118812B-R59-C70	B
SA1180CX1XB02698-A118812B-R60-C22	D
SA1180CX1XB02698-A118812B-R60-C31	None
SA1180CX1XB02698-A118812B-R60-C35	M
SA1180CX1XB02698-A118812B-R60-C36	I
SA1180CX1XB02698-A118812B-R60-C39	H
SA1180CX1XB02698-A118812B-R60-C40	M
SA1180CX1XB02698-A118812B-R60-C44	F
SA1180CX1XB02698-A118812B-R60-C55	L
SA1180CX1XB02698-A118812B-R60-C59	J
SA1180CX1XB02698-A118812B-R60-C61	D
SA1180CX1XB02698-A118812B-R60-C68	I
SA1180CX1XB02698-A118812B-R60-C70	F
SA1180CX1XB02698-A118812B-R61-C21	K
SA1180CX1XB02698-A118812B-R61-C23	B
SA1180CX1XB02698-A118812B-R61-C25	I
SA1180CX1XB02698-A118812B-R61-C28	F
SA1180CX1XB02698-A118812B-R61-C31	M
SA1180CX1XB02698-A118812B-R61-C32	E
SA1180CX1XB02698-A118812B-R61-C33	I
SA1180CX1XB02698-A118812B-R61-C35	M
SA1180CX1XB02698-A118812B-R61-C37	F
SA1180CX1XB02698-A118812B-R61-C40	M
SA1180CX1XB02698-A118812B-R61-C43	M
SA1180CX1XB02698-A118812B-R61-C48	M
SA1180CX1XB02698-A118812B-R61-C50	H
SA1180CX1XB02698-A118812B-R61-C54	F
SA1180CX1XB02698-A118812B-R61-C55	L
SA1180CX1XB02698-A118812B-R61-C56	B
SA1180CX1XB02698-A118812B-R62-C21	H
SA1180CX1XB02698-A118812B-R62-C25	F
SA1180CX1XB02698-A118812B-R62-C31	M
SA1180CX1XB02698-A118812B-R62-C33	M
SA1180CX1XB02698-A118812B-R62-C34	A
SA1180CX1XB02698-A118812B-R62-C37	F
SA1180CX1XB02698-A118812B-R62-C40	H
SA1180CX1XB02698-A118812B-R62-C43	M
SA1180CX1XB02698-A118812B-R62-C44	D
SA1180CX1XB02698-A118812B-R62-C47	H
SA1180CX1XB02698-A118812B-R62-C51	D
SA1180CX1XB02698-A118812B-R62-C54	L
SA1180CX1XB02698-A118812B-R62-C56	I
SA1180CX1XB02698-A118812B-R62-C57	J
SA1180CX1XB02698-A118812B-R62-C58	I
SA1180CX1XB02698-A118812B-R62-C60	C
SA1180CX1XB02698-A118812B-R62-C61	G
SA1180CX1XB02698-A118812B-R62-C62	D
SA1180CX1XB02698-A118812B-R62-C68	F
SA1180CX1XB02698-A118812B-R62-C70	K
SA1180CX1XB02698-A118812B-R63-C08	K
SA1180CX1XB02698-A118812B-R63-C10	F
SA1180CX1XB02698-A118812B-R63-C11	E
SA1180CX1XB02698-A118812B-R63-C12	B
SA1180CX1XB02698-A118812B-R63-C14	F
SA1180CX1XB02698-A118812B-R63-C17	F
SA1180CX1XB02698-A118812B-R63-C23	I
SA1180CX1XB02698-A118812B-R63-C26	None
SA1180CX1XB02698-A118812B-R63-C28	G
SA1180CX1XB02698-A118812B-R63-C40	J
SA1180CX1XB02698-A118812B-R63-C41	C
SA1180CX1XB02698-A118812B-R63-C43	C
SA1180CX1XB02698-A118812B-R63-C44	M
SA1180CX1XB02698-A118812B-R63-C50	M
SA1180CX1XB02698-A118812B-R63-C52	H
SA1180CX1XB02698-A118812B-R63-C54	F
SA1180CX1XB02698-A118812B-R63-C58	M
SA1180CX1XB02698-A118812B-R63-C60	J
SA1180CX1XB02698-A118812B-R63-C64	I
SA1180CX1XB02698-A118812B-R63-C65	M
SA1180CX1XB02698-A118812B-R63-C66	None
SA1180CX1XB02698-A118812B-R63-C69	I
SA1180CX1XB02698-A118812B-R64-C07	F
SA1180CX1XB02698-A118812B-R64-C09	J
SA1180CX1XB02698-A118812B-R64-C10	F
SA1180CX1XB02698-A118812B-R64-C20	M
SA1180CX1XB02698-A118812B-R64-C25	A
SA1180CX1XB02698-A118812B-R64-C26	F
SA1180CX1XB02698-A118812B-R64-C29	H
SA1180CX1XB02698-A118812B-R64-C36	F
SA1180CX1XB02698-A118812B-R64-C52	H
SA1180CX1XB02698-A118812B-R64-C61	E
SA1180CX1XB02698-A118812B-R65-C08	L
SA1180CX1XB02698-A118812B-R65-C10	B
SA1180CX1XB02698-A118812B-R65-C21	I
SA1180CX1XB02698-A118812B-R65-C23	J
SA1180CX1XB02698-A118812B-R65-C24	C
SA1180CX1XB02698-A118812B-R65-C26	F
SA1180CX1XB02698-A118812B-R65-C29	I
SA1180CX1XB02698-A118812B-R65-C32	H
SA1180CX1XB02698-A118812B-R65-C39	F
SA1180CX1XB02698-A118812B-R65-C44	I
SA1180CX1XB02698-A118812B-R65-C49	I
SA1180CX1XB02698-A118812B-R65-C50	F
SA1180CX1XB02698-A118812B-R65-C55	None
SA1180CX1XB02698-A118812B-R65-C59	I
SA1180CX1XB02698-A118812B-R66-C13	I
SA1180CX1XB02698-A118812B-R66-C15	I
SA1180CX1XB02698-A118812B-R66-C25	F
SA1180CX1XB02698-A118812B-R66-C30	F
SA1180CX1XB02698-A118812B-R66-C35	F
SA1180CX1XB02698-A118812B-R66-C43	G
SA1180CX1XB02698-A118812B-R66-C45	F
SA1180CX1XB02698-A118812B-R66-C54	A
SA1180CX1XB02698-A118812B-R66-C55	A
SA1180CX1XB02698-A118812B-R66-C58	I
SA1180CX1XB02698-A118812B-R67-C09	B
SA1180CX1XB02698-A118812B-R67-C27	I
SA1180CX1XB02698-A118812B-R67-C35	B
SA1180CX1XB02698-A118812B-R67-C36	F
SA1180CX1XB02698-A118812B-R67-C40	None
SA1180CX1XB02698-A118812B-R67-C41	M
SA1180CX1XB02698-A118812B-R67-C42	B
SA1180CX1XB02698-A118812B-R67-C44	A
SA1180CX1XB02698-A118812B-R67-C49	B
SA1180CX1XB02698-A118812B-R67-C50	F
SA1180CX1XB02698-A118812B-R67-C59	None
SA1180CX1XB02698-A118812B-R67-C60	M
SA1180CX1XB02698-A118812B-R68-C22	B
SA1180CX1XB02698-A118812B-R68-C23	B
SA1180CX1XB02698-A118812B-R68-C41	H
SA1180CX1XB02698-A118812B-R68-C48	J
SA1180CX1XB02698-A118812B-R68-C52	A
SA1180CX1XB02698-A118812B-R68-C54	None
SA1180CX1XB02698-A118812B-R68-C66	I
SA1180CX1XB02698-A118812B-R69-C07	I
SA1180CX1XB02698-A118812B-R69-C23	A
SA1180CX1XB02698-A118812B-R69-C37	I
SA1180CX1XB02698-A118812B-R69-C40	C
SA1180CX1XB02698-A118812B-R69-C41	F
SA1180CX1XB02698-A118812B-R69-C42	B
SA1180CX1XB02698-A118812B-R69-C45	D
SA1180CX1XB02698-A118812B-R69-C49	E
SA1180CX1XB02698-A118812B-R69-C61	M
SA1180CX1XB02698-A118812B-R69-C65	F
SA1180CX1XB02698-A118812B-R69-C69	I
SA1180CX1XB02698-A118812B-R70-C07	H
SA1180CX1XB02698-A118812B-R70-C08	D
SA1180CX1XB02698-A118812B-R70-C09	F
SA1180CX1XB02698-A118812B-R70-C29	H
SA1180CX1XB02698-A118812B-R70-C34	None
SA1180CX1XB02698-A118812B-R70-C43	None
SA1180CX1XB02698-A118812B-R70-C44	K
SA1180CX1XB02698-A118812B-R70-C51	F
SA1180CX1XB02698-A118812B-R70-C52	None
SA1180CX1XB02698-A118812B-R70-C53	M
SA1180CX1XB02698-A118812B-R70-C54	A
SA1180CX1XB02698-A118812B-R70-C56	M
SA1180CX1XB02698-A118812B-R70-C59	K
SA1180CX1XB02698-A118812B-R70-C60	None
SA1180CX1XB02698-A118812B-R70-C65	J
SA1180CX1XB02698-A118812B-R70-C68	I
SA1180CX1XB02698-A118816A-R03-C12	I
SA1180CX1XB02698-A118816A-R03-C20	K
SA1180CX1XB02698-A118816A-R03-C22	C
SA1180CX1XB02698-A118816A-R03-C24	F
SA1180CX1XB02698-A118816A-R03-C33	F
SA1180CX1XB02698-A118816A-R03-C48	A
SA1180CX1XB02698-A118816A-R03-C63	None
SA1180CX1XB02698-A118816A-R04-C22	H
SA1180CX1XB02698-A118816A-R04-C24	I
SA1180CX1XB02698-A118816A-R04-C29	None
SA1180CX1XB02698-A118816A-R05-C36	K
SA1180CX1XB02698-A118816A-R05-C40	J
SA1180CX1XB02698-A118816A-R05-C45	I
SA1180CX1XB02698-A118816A-R06-C09	E
SA1180CX1XB02698-A118816A-R06-C12	None
SA1180CX1XB02698-A118816A-R06-C14	I
SA1180CX1XB02698-A118816A-R06-C17	B
SA1180CX1XB02698-A118816A-R06-C20	G
SA1180CX1XB02698-A118816A-R06-C22	I
SA1180CX1XB02698-A118816A-R06-C24	D
SA1180CX1XB02698-A118816A-R06-C29	K
SA1180CX1XB02698-A118816A-R06-C35	K
SA1180CX1XB02698-A118816A-R06-C36	J
SA1180CX1XB02698-A118816A-R06-C44	M
SA1180CX1XB02698-A118816A-R06-C49	F
SA1180CX1XB02698-A118816A-R06-C50	F
SA1180CX1XB02698-A118816A-R06-C52	I
SA1180CX1XB02698-A118816A-R06-C56	G
SA1180CX1XB02698-A118816A-R06-C61	I
SA1180CX1XB02698-A118816A-R06-C63	K
SA1180CX1XB02698-A118816A-R06-C64	M
SA1180CX1XB02698-A118816A-R06-C65	I
SA1180CX1XB02698-A118816A-R06-C70	I
SA1180CX1XB02698-A118816A-R07-C08	I
SA1180CX1XB02698-A118816A-R07-C17	G
SA1180CX1XB02698-A118816A-R07-C18	M
SA1180CX1XB02698-A118816A-R07-C32	None
SA1180CX1XB02698-A118816A-R07-C36	M
SA1180CX1XB02698-A118816A-R07-C37	I
SA1180CX1XB02698-A118816A-R07-C42	J
SA1180CX1XB02698-A118816A-R07-C45	None
SA1180CX1XB02698-A118816A-R07-C47	None
SA1180CX1XB02698-A118816A-R07-C51	B
SA1180CX1XB02698-A118816A-R07-C52	F
SA1180CX1XB02698-A118816A-R07-C55	M
SA1180CX1XB02698-A118816A-R07-C57	L
SA1180CX1XB02698-A118816A-R07-C58	H
SA1180CX1XB02698-A118816A-R07-C64	B
SA1180CX1XB02698-A118816A-R08-C12	K
SA1180CX1XB02698-A118816A-R08-C20	J
SA1180CX1XB02698-A118816A-R08-C22	K
SA1180CX1XB02698-A118816A-R08-C23	F
SA1180CX1XB02698-A118816A-R08-C26	B
SA1180CX1XB02698-A118816A-R08-C29	I
SA1180CX1XB02698-A118816A-R08-C32	F
SA1180CX1XB02698-A118816A-R08-C37	K
SA1180CX1XB02698-A118816A-R08-C41	M
SA1180CX1XB02698-A118816A-R08-C47	M
SA1180CX1XB02698-A118816A-R08-C52	L
SA1180CX1XB02698-A118816A-R08-C55	F
SA1180CX1XB02698-A118816A-R08-C63	F
SA1180CX1XB02698-A118816A-R08-C68	I
SA1180CX1XB02698-A118816A-R08-C70	G
SA1180CX1XB02698-A118816A-R09-C12	D
SA1180CX1XB02698-A118816A-R09-C13	D
SA1180CX1XB02698-A118816A-R09-C14	K
SA1180CX1XB02698-A118816A-R09-C16	F
SA1180CX1XB02698-A118816A-R09-C22	D
SA1180CX1XB02698-A118816A-R09-C24	F
SA1180CX1XB02698-A118816A-R09-C28	M
SA1180CX1XB02698-A118816A-R09-C31	M
SA1180CX1XB02698-A118816A-R09-C41	I
SA1180CX1XB02698-A118816A-R09-C47	F
SA1180CX1XB02698-A118816A-R09-C52	B
SA1180CX1XB02698-A118816A-R09-C58	C
SA1180CX1XB02698-A118816A-R09-C62	K
SA1180CX1XB02698-A118816A-R09-C63	C
SA1180CX1XB02698-A118816A-R09-C64	C
SA1180CX1XB02698-A118816A-R09-C66	C
SA1180CX1XB02698-A118816A-R10-C10	L
SA1180CX1XB02698-A118816A-R10-C15	F
SA1180CX1XB02698-A118816A-R10-C21	E
SA1180CX1XB02698-A118816A-R10-C23	F
SA1180CX1XB02698-A118816A-R10-C33	D
SA1180CX1XB02698-A118816A-R10-C42	I
SA1180CX1XB02698-A118816A-R10-C45	I
SA1180CX1XB02698-A118816A-R10-C47	F
SA1180CX1XB02698-A118816A-R10-C48	F
SA1180CX1XB02698-A118816A-R10-C57	D
SA1180CX1XB02698-A118816A-R10-C63	F
SA1180CX1XB02698-A118816A-R11-C11	K
SA1180CX1XB02698-A118816A-R11-C31	M
SA1180CX1XB02698-A118816A-R11-C50	J
SA1180CX1XB02698-A118816A-R11-C67	I
SA1180CX1XB02698-A118816A-R12-C07	F
SA1180CX1XB02698-A118816A-R12-C08	C
SA1180CX1XB02698-A118816A-R12-C09	M
SA1180CX1XB02698-A118816A-R12-C11	F
SA1180CX1XB02698-A118816A-R12-C12	A
SA1180CX1XB02698-A118816A-R12-C16	D
SA1180CX1XB02698-A118816A-R12-C20	F
SA1180CX1XB02698-A118816A-R12-C21	A
SA1180CX1XB02698-A118816A-R12-C25	F
SA1180CX1XB02698-A118816A-R12-C26	I
SA1180CX1XB02698-A118816A-R13-C40	C
SA1180CX1XB02698-A118816A-R13-C48	B
SA1180CX1XB02698-A118816A-R13-C52	H
SA1180CX1XB02698-A118816A-R13-C56	M
SA1180CX1XB02698-A118816A-R13-C57	F
SA1180CX1XB02698-A118816A-R13-C60	A
SA1180CX1XB02698-A118816A-R13-C62	I
SA1180CX1XB02698-A118816A-R13-C64	J
SA1180CX1XB02698-A118816A-R13-C66	M
SA1180CX1XB02698-A118816A-R14-C15	F
SA1180CX1XB02698-A118816A-R14-C18	M
SA1180CX1XB02698-A118816A-R14-C23	E
SA1180CX1XB02698-A118816A-R14-C28	F
SA1180CX1XB02698-A118816A-R14-C32	I
SA1180CX1XB02698-A118816A-R14-C40	C
SA1180CX1XB02698-A118816A-R14-C41	I
SA1180CX1XB02698-A118816A-R14-C44	I
SA1180CX1XB02698-A118816A-R14-C45	M
SA1180CX1XB02698-A118816A-R14-C48	M
SA1180CX1XB02698-A118816A-R14-C52	C
SA1180CX1XB02698-A118816A-R14-C54	H
SA1180CX1XB02698-A118816A-R14-C55	M
SA1180CX1XB02698-A118816A-R14-C60	M
SA1180CX1XB02698-A118816A-R14-C62	H
SA1180CX1XB02698-A118816A-R14-C64	F
SA1180CX1XB02698-A118816A-R15-C10	None
SA1180CX1XB02698-A118816A-R15-C11	C
SA1180CX1XB02698-A118816A-R15-C18	I
SA1180CX1XB02698-A118816A-R15-C20	F
SA1180CX1XB02698-A118816A-R15-C28	H
SA1180CX1XB02698-A118816A-R15-C35	I
SA1180CX1XB02698-A118816A-R15-C36	M
SA1180CX1XB02698-A118816A-R15-C37	A
SA1180CX1XB02698-A118816A-R15-C52	K
SA1180CX1XB02698-A118816A-R15-C55	K
SA1180CX1XB02698-A118816A-R15-C59	B
SA1180CX1XB02698-A118816A-R15-C60	I
SA1180CX1XB02698-A118816A-R15-C62	F
SA1180CX1XB02698-A118816A-R15-C68	A
SA1180CX1XB02698-A118816A-R15-C69	H
SA1180CX1XB02698-A118816A-R16-C14	I
SA1180CX1XB02698-A118816A-R16-C21	I
SA1180CX1XB02698-A118816A-R16-C30	D
SA1180CX1XB02698-A118816A-R16-C35	M
SA1180CX1XB02698-A118816A-R16-C40	I
SA1180CX1XB02698-A118816A-R16-C42	A
SA1180CX1XB02698-A118816A-R16-C43	A
SA1180CX1XB02698-A118816A-R16-C51	E
SA1180CX1XB02698-A118816A-R17-C07	F
SA1180CX1XB02698-A118816A-R17-C09	I
SA1180CX1XB02698-A118816A-R17-C13	D
SA1180CX1XB02698-A118816A-R17-C14	D
SA1180CX1XB02698-A118816A-R17-C15	M
SA1180CX1XB02698-A118816A-R17-C23	F
SA1180CX1XB02698-A118816A-R17-C27	L
SA1180CX1XB02698-A118816A-R17-C28	C
SA1180CX1XB02698-A118816A-R17-C30	F
SA1180CX1XB02698-A118816A-R17-C33	None
SA1180CX1XB02698-A118816A-R17-C35	M
SA1180CX1XB02698-A118816A-R17-C45	M
SA1180CX1XB02698-A118816A-R17-C50	I
SA1180CX1XB02698-A118816A-R17-C59	A
SA1180CX1XB02698-A118816A-R17-C61	D
SA1180CX1XB02698-A118816A-R17-C68	F
SA1180CX1XB02698-A118816A-R17-C69	F
SA1180CX1XB02698-A118816A-R18-C13	B
SA1180CX1XB02698-A118816A-R18-C21	M
SA1180CX1XB02698-A118816A-R18-C24	A
SA1180CX1XB02698-A118816A-R18-C32	C
SA1180CX1XB02698-A118816A-R18-C34	H
SA1180CX1XB02698-A118816A-R18-C40	L
SA1180CX1XB02698-A118816A-R18-C43	L
SA1180CX1XB02698-A118816A-R18-C44	M
SA1180CX1XB02698-A118816A-R18-C47	F
SA1180CX1XB02698-A118816A-R18-C58	F
SA1180CX1XB02698-A118816A-R18-C66	None
SA1180CX1XB02698-A118816A-R18-C68	I
SA1180CX1XB02698-A118816A-R18-C69	I
SA1180CX1XB02698-A118816A-R18-C70	D
SA1180CX1XB02698-A118816A-R19-C07	None
SA1180CX1XB02698-A118816A-R19-C12	D
SA1180CX1XB02698-A118816A-R19-C13	D
SA1180CX1XB02698-A118816A-R19-C22	L
SA1180CX1XB02698-A118816A-R19-C26	I
SA1180CX1XB02698-A118816A-R19-C35	I
SA1180CX1XB02698-A118816A-R19-C37	L
SA1180CX1XB02698-A118816A-R19-C47	M
SA1180CX1XB02698-A118816A-R19-C52	F
SA1180CX1XB02698-A118816A-R19-C58	A
SA1180CX1XB02698-A118816A-R19-C60	M
SA1180CX1XB02698-A118816A-R19-C61	M
SA1180CX1XB02698-A118816A-R19-C67	None
SA1180CX1XB02698-A118816A-R19-C68	None
SA1180CX1XB02698-A118816A-R20-C10	K
SA1180CX1XB02698-A118816A-R20-C13	D
SA1180CX1XB02698-A118816A-R20-C15	B
SA1180CX1XB02698-A118816A-R20-C18	D
SA1180CX1XB02698-A118816A-R20-C19	E
SA1180CX1XB02698-A118816A-R20-C26	G
SA1180CX1XB02698-A118816A-R20-C31	I
SA1180CX1XB02698-A118816A-R20-C32	D
SA1180CX1XB02698-A118816A-R20-C34	B
SA1180CX1XB02698-A118816A-R20-C35	F
SA1180CX1XB02698-A118816A-R20-C40	F
SA1180CX1XB02698-A118816A-R20-C43	B
SA1180CX1XB02698-A118816A-R20-C49	D
SA1180CX1XB02698-A118816A-R20-C54	I
SA1180CX1XB02698-A118816A-R20-C55	L
SA1180CX1XB02698-A118816A-R20-C58	J
SA1180CX1XB02698-A118816A-R20-C63	C
SA1180CX1XB02698-A118816A-R21-C08	None
SA1180CX1XB02698-A118816A-R21-C10	H
SA1180CX1XB02698-A118816A-R21-C19	F
SA1180CX1XB02698-A118816A-R21-C23	L
SA1180CX1XB02698-A118816A-R21-C25	I
SA1180CX1XB02698-A118816A-R21-C26	A
SA1180CX1XB02698-A118816A-R21-C28	C
SA1180CX1XB02698-A118816A-R21-C33	F
SA1180CX1XB02698-A118816A-R21-C34	M
SA1180CX1XB02698-A118816A-R22-C39	J
SA1180CX1XB02698-A118816A-R22-C40	C
SA1180CX1XB02698-A118816A-R22-C41	A
SA1180CX1XB02698-A118816A-R22-C47	H
SA1180CX1XB02698-A118816A-R22-C51	None
SA1180CX1XB02698-A118816A-R22-C58	F
SA1180CX1XB02698-A118816A-R22-C61	J
SA1180CX1XB02698-A118816A-R22-C62	A
SA1180CX1XB02698-A118816A-R22-C63	M
SA1180CX1XB02698-A118816A-R22-C65	K
SA1180CX1XB02698-A118816A-R22-C68	M
SA1180CX1XB02698-A118816A-R22-C69	J
SA1180CX1XB02698-A118816A-R22-C70	A
SA1180CX1XB02698-A118816A-R23-C17	F
SA1180CX1XB02698-A118816A-R23-C18	I
SA1180CX1XB02698-A118816A-R23-C19	H
SA1180CX1XB02698-A118816A-R23-C27	F
SA1180CX1XB02698-A118816A-R23-C32	F
SA1180CX1XB02698-A118816A-R23-C35	C
SA1180CX1XB02698-A118816A-R23-C36	None
SA1180CX1XB02698-A118816A-R23-C39	None
SA1180CX1XB02698-A118816A-R23-C42	D
SA1180CX1XB02698-A118816A-R23-C47	C
SA1180CX1XB02698-A118816A-R23-C51	F
SA1180CX1XB02698-A118816A-R23-C52	B
SA1180CX1XB02698-A118816A-R23-C56	H
SA1180CX1XB02698-A118816A-R23-C59	D
SA1180CX1XB02698-A118816A-R23-C63	None
SA1180CX1XB02698-A118816A-R23-C65	M
SA1180CX1XB02698-A118816A-R24-C10	E
SA1180CX1XB02698-A118816A-R24-C15	C
SA1180CX1XB02698-A118816A-R24-C16	F
SA1180CX1XB02698-A118816A-R24-C19	K
SA1180CX1XB02698-A118816A-R24-C27	M
SA1180CX1XB02698-A118816A-R24-C34	K
SA1180CX1XB02698-A118816A-R24-C36	F
SA1180CX1XB02698-A118816A-R24-C40	F
SA1180CX1XB02698-A118816A-R24-C41	F
SA1180CX1XB02698-A118816A-R24-C48	I
SA1180CX1XB02698-A118816A-R24-C55	M
SA1180CX1XB02698-A118816A-R24-C56	K
SA1180CX1XB02698-A118816A-R24-C64	F
SA1180CX1XB02698-A118816A-R24-C65	F
SA1180CX1XB02698-A118816A-R24-C67	L
SA1180CX1XB02698-A118816A-R25-C13	A
SA1180CX1XB02698-A118816A-R25-C14	C
SA1180CX1XB02698-A118816A-R25-C22	L
SA1180CX1XB02698-A118816A-R25-C23	I
SA1180CX1XB02698-A118816A-R25-C33	F
SA1180CX1XB02698-A118816A-R25-C37	C
SA1180CX1XB02698-A118816A-R25-C40	F
SA1180CX1XB02698-A118816A-R25-C42	I
SA1180CX1XB02698-A118816A-R25-C49	I
SA1180CX1XB02698-A118816A-R25-C56	C
SA1180CX1XB02698-A118816A-R25-C60	M
SA1180CX1XB02698-A118816A-R25-C61	I
SA1180CX1XB02698-A118816A-R25-C62	K
SA1180CX1XB02698-A118816A-R25-C68	E
SA1180CX1XB02698-A118816A-R26-C21	F
SA1180CX1XB02698-A118816A-R26-C23	M
SA1180CX1XB02698-A118816A-R26-C25	F
SA1180CX1XB02698-A118816A-R26-C29	J
SA1180CX1XB02698-A118816A-R26-C33	None
SA1180CX1XB02698-A118816A-R26-C34	I
SA1180CX1XB02698-A118816A-R26-C41	M
SA1180CX1XB02698-A118816A-R26-C47	C
SA1180CX1XB02698-A118816A-R26-C52	D
SA1180CX1XB02698-A118816A-R26-C54	G
SA1180CX1XB02698-A118816A-R26-C56	G
SA1180CX1XB02698-A118816A-R26-C57	M
SA1180CX1XB02698-A118816A-R26-C58	M
SA1180CX1XB02698-A118816A-R26-C66	F
SA1180CX1XB02698-A118816A-R27-C11	F
SA1180CX1XB02698-A118816A-R27-C12	M
SA1180CX1XB02698-A118816A-R27-C13	A
SA1180CX1XB02698-A118816A-R27-C14	H
SA1180CX1XB02698-A118816A-R27-C15	M
SA1180CX1XB02698-A118816A-R27-C26	A
SA1180CX1XB02698-A118816A-R27-C30	A
SA1180CX1XB02698-A118816A-R27-C42	None
SA1180CX1XB02698-A118816A-R27-C49	F
SA1180CX1XB02698-A118816A-R27-C50	C
SA1180CX1XB02698-A118816A-R27-C57	M
SA1180CX1XB02698-A118816A-R27-C68	E
SA1180CX1XB02698-A118816A-R28-C08	J
SA1180CX1XB02698-A118816A-R28-C09	B
SA1180CX1XB02698-A118816A-R28-C10	I
SA1180CX1XB02698-A118816A-R28-C12	B
SA1180CX1XB02698-A118816A-R28-C16	C
SA1180CX1XB02698-A118816A-R28-C27	F
SA1180CX1XB02698-A118816A-R28-C28	F
SA1180CX1XB02698-A118816A-R28-C29	E
SA1180CX1XB02698-A118816A-R28-C30	F
SA1180CX1XB02698-A118816A-R28-C31	F
SA1180CX1XB02698-A118816A-R28-C35	None
SA1180CX1XB02698-A118816A-R28-C36	C
SA1180CX1XB02698-A118816A-R28-C42	M
SA1180CX1XB02698-A118816A-R28-C44	C
SA1180CX1XB02698-A118816A-R28-C45	I
SA1180CX1XB02698-A118816A-R28-C48	F
SA1180CX1XB02698-A118816A-R28-C49	H
SA1180CX1XB02698-A118816A-R28-C50	F
SA1180CX1XB02698-A118816A-R28-C51	I
SA1180CX1XB02698-A118816A-R28-C57	K
SA1180CX1XB02698-A118816A-R28-C63	F
SA1180CX1XB02698-A118816A-R28-C64	B
SA1180CX1XB02698-A118816A-R28-C66	F
SA1180CX1XB02698-A118816A-R28-C69	E
SA1180CX1XB02698-A118816A-R28-C70	F
SA1180CX1XB02698-A118816A-R29-C12	C
SA1180CX1XB02698-A118816A-R29-C14	E
SA1180CX1XB02698-A118816A-R29-C15	D
SA1180CX1XB02698-A118816A-R29-C17	C
SA1180CX1XB02698-A118816A-R29-C19	F
SA1180CX1XB02698-A118816A-R29-C20	None
SA1180CX1XB02698-A118816A-R29-C30	E
SA1180CX1XB02698-A118816A-R29-C31	D
SA1180CX1XB02698-A118816A-R29-C36	None
SA1180CX1XB02698-A118816A-R29-C41	F
SA1180CX1XB02698-A118816A-R29-C43	C
SA1180CX1XB02698-A118816A-R29-C48	H
SA1180CX1XB02698-A118816A-R29-C51	B
SA1180CX1XB02698-A118816A-R29-C53	I
SA1180CX1XB02698-A118816A-R29-C54	M
SA1180CX1XB02698-A118816A-R29-C55	F
SA1180CX1XB02698-A118816A-R29-C62	I
SA1180CX1XB02698-A118816A-R29-C64	D
SA1180CX1XB02698-A118816A-R29-C69	I
SA1180CX1XB02698-A118816A-R29-C70	F
SA1180CX1XB02698-A118816A-R30-C11	D
SA1180CX1XB02698-A118816A-R30-C17	C
SA1180CX1XB02698-A118816A-R30-C26	F
SA1180CX1XB02698-A118816A-R30-C29	L
SA1180CX1XB02698-A118816A-R30-C35	C
SA1180CX1XB02698-A118816A-R30-C40	D
SA1180CX1XB02698-A118816A-R30-C41	B
SA1180CX1XB02698-A118816A-R30-C47	None
SA1180CX1XB02698-A118816A-R30-C48	F
SA1180CX1XB02698-A118816A-R30-C51	F
SA1180CX1XB02698-A118816A-R30-C55	A
SA1180CX1XB02698-A118816A-R30-C60	M
SA1180CX1XB02698-A118816A-R30-C68	None
SA1180CX1XB02698-A118816A-R30-C69	M
SA1180CX1XB02698-A118816A-R30-C70	H
