root	clade_0	0.00385408668373269
clade_0	clade_1	0.0038541331942406293
clade_0	clade_9	0.07040365855423271
clade_1	clade_2	0.7065018398313588
clade_1	clade_8	0.13053293791469844
clade_9	clade_10	0.22330403438772262
clade_9	clade_32	0.3019892092301777
clade_2	clade_3	0.003854106809628977
clade_2	Liv.AGTCTTTAGTCGAGTG-1	0.2857899280935934
clade_8	LL.CGAGAAGAGATAGGAG-1	0.861758830540623
clade_8	M1.ACTTTCAAGAGGTTAT-1	0.861758830540623
clade_10	clade_11	0.05018645012181914
clade_10	M1.TACAGTGGTCTCTCGT-1	0.7024382040825051
clade_32	clade_33	0.383735700662393
clade_32	RE.AACACGTCACGCATCG-1	0.623753028957513
clade_3	clade_4	0.053780553336759664
clade_3	Liv.GCGCCAACACTACAGT-1	0.2819358137903262
clade_11	clade_12	0.10196593501751006
clade_11	clade_24	0.0038540904795021165
clade_33	clade_34	0.0038540989699474603
clade_33	Liv.CGAACATGTATAGGTA-1	0.24001732829512
clade_4	clade_5	0.13438722491671065
clade_4	clade_7	0.22430117289356805
clade_12	clade_13	0.05121687687207032
clade_12	clade_21	0.35409895977696687
clade_24	M2.GTCACAAAGTCGATAA-1	0.6483976629149044
clade_24	clade_25	0.041407744583352654
clade_34	Liv.CGGACGTTCCCAACGG-1	0.23616322932517256
clade_34	clade_35	0.23230913556987173
clade_5	clade_6	0.0899139493698516
clade_5	Liv.AACTGGTGTCAGAGGT-1	0.09376803997056157
clade_7	Liv.CGATGTATCTGCAAGT-1	0.003854087506800937
clade_7	Liv.CAACCAATCTCTTGAT-1	0.003854087506800937
clade_13	clade_14	0.41218008548840224
clade_13	clade_15	0.15308957452007382
clade_21	clade_22	0.03240784422525197
clade_21	clade_23	0.1923327620573591
clade_25	clade_26	0.6031358314552759
clade_25	clade_27	0.10172936326949043
clade_35	Liv.AGGTCATGTGTAAGTA-1	0.0038540937553008404
clade_35	Liv.CCCATACTCATCATTC-1	0.0038540937553008404
clade_6	Liv.GGACATTCATTGGCGC-1	0.0038540906007099767
clade_6	Liv.ACGGAGAAGTGGAGAA-1	0.0038540906007099767
clade_14	M1.AACTCCCAGTGGTCCC-1	0.08688885657640519
clade_14	M1.TCTTCGGGTTGGTGGA-1	0.08688885657640519
clade_15	clade_16	0.1462039226661227
clade_15	M1.ACAGCTAAGACTAGAT-1	0.3459793762416082
clade_22	M2.GGGACCTAGAGTGACC-1	0.16377901417733964
clade_22	M2.CGGTTAACAGCTGCAC-1	0.16377901417733964
clade_23	M2.CACTCCACAACTTGAC-1	0.003854096345232517
clade_23	M2.CATGGCGCATCACAAC-1	0.003854096345232517
clade_26	M1.GGCGTGTGTAGGAGTC-1	0.0038540868762758705
clade_26	M1.ACGAGGACATCGATTG-1	0.0038540868762758705
clade_27	clade_28	0.12523796956994437
clade_27	M1.TTTATGCTCTAACTTC-1	0.505260554305919
clade_16	clade_17	0.11486549834200507
clade_16	clade_20	0.12361518148914452
clade_28	clade_29	0.0038541096429333187
clade_28	M1.AGGGTGACAAGTTCTG-1	0.3800225819504306
clade_17	clade_18	0.003854194320859228
clade_17	M1.AGTAGTCCAACTGCGC-1	0.08490995189877945
clade_20	RW.CATCAGACACTTAAGC-1	0.07616027968757154
clade_20	M1.AGGGAGTCAGGGTATG-1	0.07616027968757154
clade_29	clade_30	0.009044791004378373
clade_29	M2.CGGGTCAGTCGGATCC-1	0.3761684723074973
clade_18	clade_19	0.003854268522737879
clade_18	M1.TCATTTGCAGGAATGC-1	0.08105575757792023
clade_30	M1.GTAACGTCATGCATGT-1	0.3671236813031189
clade_30	clade_31	0.13430554920658064
clade_19	M2.AACTCTTCACGTTGGC-1	0.07720148905518236
clade_19	M2.CTCGTACTCGAACGGA-1	0.07720148905518236
clade_31	M1.GCATGATGTCTGATCA-1	0.2328181320965383
clade_31	M1.ATCTACTCAGACTCGC-1	0.2328181320965383
